{
	"needles": [
		{
			"entry": [
				-71.39059923929611,
				52.730316818214334,
				-25.53942108154297
			],
			"target": [
				-18.247742575543526,
				45.82993928445171,
				-32.16910950509646
			]
		},
		{
			"entry": [
				73.99140070867904,
				38.929561750689146,
				-9.685818329567212
			],
			"target": [
				21.53038796577745,
				20.528554993988905,
				4.7265478085925565
			]
		}
	],
	"diameter": 3,
	"safezone": 15
}
