{
	"needles": [
		{
			"entry": [
				30.273439999999994,
				-68.99540710449219,
				6.96063232421875
			],
			"target": [
				11.71875,
				-5.5188446044921875,
				-21.03936767578125
			]
		},
		{
			"entry": [
				-21.484375,
				-69.97196960449219,
				15.96063232421875
			],
			"target": [
				-18.554689999999994,
				-14.307907104492188,
				-26.03936767578125
			]
		}
	],
	"diameter": 2,
	"safezone": 10
}
