{
	"needles": [
		{
			"entry": [
				-71.76670089766785,
				52.730316818214334,
				-13.598970497782176
			],
			"target": [
				-16.187578969195414,
				45.82993928445171,
				-25.53942108154297
			]
		}
	],
	"diameter": 4,
	"safezone": 10
}
